[
  {
    "title": "Home",
    "icon": "bx bx-home",
    "route": "componentes/home"
  },
  {
    "title": "Xbox",
    "icon": "icon-Contenedor-Xbox",
    "route": "componentes/xbox"
  },
  {
    "title": "PlayStation",
    "icon": "icon-Contenedor-PS",
    "route": "componentes/ps"
  },
  {
    "title": "PC",
    "icon": "icon-Contenedor-PC",
    "route": "componentes/pc"
  },
  {
    "title": "Carrito",
    "icon": "bx bx-cart",
    "route": "componentes/carrito"
  },
  {
    "title": "Clientes",
    "icon": "bx bx-user-circle",
    "route": "clientes/lista"
  },
  {
    "title": "Productos",
    "icon": "bx bx-game",
    "route": "productos/lista"
  },
  {
    "title": "Ventas",
    "icon": "bx bx-money",
    "route": "ventas/lista"
  },
  {
    "title": "Perfil",
    "icon": "bx bx-user",
    "route": "componentes/perfil"
  }
]
